email,subject,body
jessrojasal@gmail.com,Exclusive Training Webinar for Software Development Team Members,"Hi Pamela,

I hope this email finds you well.

I'm writing to let you know about an exclusive training webinar we're hosting on [Date] at [Time] for members of the Software Development Team. This webinar will cover the latest tools and techniques that will enhance your productivity and help you drive innovation within the Technology & Innovation Unit.

To join the webinar, please click on this link: https://example.com/join-webinar

Your presence at this webinar is crucial, as it will provide you with valuable insights and equip you with the skills necessary to excel in your role.

Please confirm your attendance by responding to this email. If you have any questions, please feel free to reach out.

Thank you for your attention and we look forward to seeing you at the webinar.

Best regards,

Richard Rascal
Training Coordinator"
jessra.93@gmail.com,Exclusive Training Webinar on Essential New Tools,"Dear Karim,

**Subject: Exclusive Training Webinar on Essential New Tools**

I am writing to invite you to an exclusive training webinar on newly available tools that can significantly enhance your research capabilities.

This webinar will provide a comprehensive overview of the latest tools and technologies that can revolutionize your approach to artificial intelligence research. We will cover topics such as:

* [List of webinar topics]

The webinar will be held on [Date] at [Time] via Microsoft Teams. To join, please click on the following link:

https://example.com/join-webinar

Your attendance at this webinar is essential to ensure that you stay abreast of the latest advancements in our field. We highly encourage you to participate and take advantage of this valuable opportunity to enhance your research skills.

Should you have any questions or require further assistance, please do not hesitate to contact us.

Thank you for your time and attention.

Sincerely,
Richard Rascal
Training Coordinator"
jessrojasal@gmail.com,Subject: Exclusive Training Webinar on New Tools for Brand Strategy & Management Team,"Subject: Exclusive Training Webinar on New Tools

Dear John,

I hope this email finds you well.

I am writing to inform you about an exclusive training webinar on our new tools. This webinar is designed to provide you with a comprehensive overview of the capabilities and benefits of these tools, enabling you to leverage them effectively in your role within the Brand Strategy & Management Team.

To register for the webinar, please click on the following link: https://example.com/join-webinar.

The webinar will be held on [Date] at [Time]. Please mark your calendar accordingly.

We highly recommend that you attend this webinar to gain the necessary knowledge and skills to enhance your productivity and effectiveness.

Should you have any questions, please do not hesitate to contact us.

Thank you for your attention to this matter.

Sincerely,
Richard Rascal
Training Coordinator"
jessrojasal@gmail.com,Expiration of Microsoft Office License for Human Resources & Talent Management Unit,"Dear Ms. D'Hollander,

I hope this email finds you well.

As the License Management Specialist, I am writing to inform you that the Microsoft Office License for your business unit, Human Resources & Talent Management Unit, will soon expire.

To ensure uninterrupted access to Microsoft Office applications, I kindly request that you follow the instructions at the following link: https://example.com/reset-password

Please click on the link and reset the password for your Microsoft Office account. This will activate your new license and prevent any disruptions to your work.

If you encounter any difficulties during the process, please do not hesitate to contact me. I will be happy to assist you.

Thank you for your attention to this matter. Your prompt action will help ensure continued access to the necessary tools for your team's productivity.

Sincerely,
Sally Sneaky
License Management Specialist"
jessrojasal@gmail.com,Email Storage Full,"Hello Kelly,

I would like to draw your attention to your email storage, which is currently full.

To ensure that your email services remain functional, it is critical that you clear out any non-essential emails or large attachments.

To manage your storage, please follow this link: https://example.com/manage-storage.

Thank you for your prompt attention to this matter.

Sincerely,
Bernard Bandit
System Administrator"
